,orders,completions,net,cumulative_backlog
2026-04-01,6.0,1.0,5.0,5.0
2026-04-02,5.0,2.0,3.0,8.0
2026-04-03,0.0,0.0,0.0,8.0
2026-04-04,11.0,1.0,10.0,18.0
2026-04-05,0.0,0.0,0.0,18.0
2026-04-06,6.0,6.0,0.0,18.0
2026-04-07,8.0,8.0,0.0,18.0
2026-04-08,7.0,10.0,-3.0,15.0
2026-04-09,4.0,5.0,-1.0,14.0
2026-04-10,13.0,7.0,6.0,20.0
2026-04-11,5.0,7.0,-2.0,18.0
2026-04-12,0.0,0.0,0.0,18.0
2026-04-13,11.0,10.0,1.0,19.0
2026-04-14,3.0,11.0,-8.0,11.0
2026-04-15,6.0,3.0,3.0,14.0
2026-04-16,6.0,13.0,-7.0,7.0
2026-04-17,21.0,5.0,16.0,23.0
2026-04-18,8.0,10.0,-2.0,21.0
2026-04-19,0.0,0.0,0.0,21.0
2026-04-20,7.0,7.0,0.0,21.0
2026-04-21,5.0,17.0,-12.0,9.0
2026-04-22,10.0,12.0,-2.0,7.0
2026-04-23,6.0,6.0,0.0,7.0
2026-04-24,18.0,9.0,9.0,16.0
2026-04-25,9.0,8.0,1.0,17.0
2026-04-26,0.0,0.0,0.0,17.0
2026-04-27,9.0,9.0,0.0,17.0
2026-04-28,10.0,16.0,-6.0,11.0
2026-04-29,3.0,6.0,-3.0,8.0
2026-04-30,12.0,8.0,4.0,12.0
2026-05-01,0.0,0.0,0.0,12.0
2026-05-02,14.0,11.0,3.0,15.0
2026-05-03,0.0,0.0,0.0,15.0
2026-05-04,10.0,6.0,4.0,19.0
2026-05-05,10.0,13.0,-3.0,16.0
2026-05-06,7.0,10.0,-3.0,13.0
2026-05-07,7.0,10.0,-3.0,10.0
2026-05-08,18.0,0.0,18.0,28.0
2026-05-09,10.0,14.0,-4.0,24.0
2026-05-10,0.0,0.0,0.0,24.0
2026-05-11,11.0,9.0,2.0,26.0
2026-05-12,9.0,18.0,-9.0,17.0
2026-05-13,18.0,16.0,2.0,19.0
2026-05-14,0.0,7.0,-7.0,12.0
2026-05-15,10.0,0.0,10.0,22.0
2026-05-16,7.0,8.0,-1.0,21.0
2026-05-17,0.0,0.0,0.0,21.0
2026-05-18,26.0,17.0,9.0,30.0
2026-05-19,4.0,13.0,-9.0,21.0
2026-05-20,7.0,8.0,-1.0,20.0
2026-05-21,7.0,21.0,-14.0,6.0
2026-05-22,14.0,0.0,14.0,20.0
2026-05-23,13.0,4.0,9.0,29.0
2026-05-24,0.0,0.0,0.0,29.0
2026-05-25,9.0,11.0,-2.0,27.0
2026-05-26,16.0,25.0,-9.0,18.0
2026-05-27,0.0,7.0,-7.0,11.0
2026-05-28,0.0,8.0,-8.0,3.0
2026-05-29,4.0,0.0,4.0,7.0
2026-05-30,5.0,12.0,-7.0,0.0
2026-05-31,0.0,0.0,0.0,0.0
2026-06-01,0.0,1.0,-1.0,-1.0
2026-06-02,0.0,5.0,-5.0,-6.0
2026-06-03,0.0,4.0,-4.0,-10.0
2026-06-04,0.0,0.0,0.0,-10.0
2026-06-05,0.0,0.0,0.0,-10.0
2026-06-06,0.0,1.0,-1.0,-11.0
