column,coverage_pct
no,100.0
order_status,100.0
order_date,95.29
completion_date,97.64
service_type,100.0
service_detail,100.0
fragrance,100.0
weight_kg,91.86
notes,31.91
unit_cost,0.64
express_cost,4.93
total_revenue,66.17
voucher_amount,100.0
voucher_code,100.0
transfer_amount,40.9
cash_payment,96.15
customer_received,99.79
customer_id,100.0
possible_duplicate,100.0
has_customer,100.0
has_revenue,100.0
has_weight,100.0
has_cost,100.0
has_completion,100.0
data_quality_flag,100.0
service_category,100.0
is_weight_based,100.0
service_days,95.29
revenue_per_kg,65.74
order_day,95.29
order_month,95.29
promised_days,100.0
is_late,95.29
days_late,95.29
