customer_id,0
Customer_153,13
Customer_109,11
Customer_008,11
Customer_071,10
Customer_059,9
Customer_046,9
Customer_085,9
Customer_005,9
Customer_016,9
Customer_022,8
Customer_101,8
Customer_035,7
Customer_143,7
Customer_036,7
Customer_138,7
Customer_147,7
Customer_060,6
Customer_086,6
Customer_091,6
Customer_067,6
Customer_023,6
Customer_024,6
Customer_001,6
Customer_095,6
Customer_145,6
Customer_010,5
Customer_019,5
Customer_030,5
Customer_139,5
Customer_029,5
Customer_028,5
Customer_122,5
Customer_152,5
Customer_142,5
Customer_149,4
Customer_130,4
Customer_100,4
Customer_117,4
Customer_121,4
Customer_075,4
Customer_074,4
Customer_049,4
Customer_037,4
Customer_025,3
Customer_021,3
Customer_073,3
Customer_047,3
Customer_084,3
Customer_078,3
Customer_090,3
Customer_079,3
Customer_098,3
Customer_112,3
Customer_154,3
Customer_134,3
Customer_137,3
Customer_123,3
Customer_115,3
Customer_118,3
Customer_087,3
Customer_133,2
Customer_131,2
Customer_120,2
Customer_097,2
Customer_107,2
Customer_092,2
Customer_068,2
Customer_066,2
Customer_064,2
Customer_058,2
Customer_048,2
Customer_044,2
Customer_006,2
Customer_012,2
Customer_020,2
Customer_144,2
Customer_089,2
Customer_070,2
Customer_082,2
Customer_128,2
Customer_127,2
Customer_126,2
Customer_043,2
Customer_032,2
Customer_055,2
Customer_007,1
Customer_002,1
Customer_009,1
Customer_004,1
Customer_003,1
Customer_011,1
Customer_027,1
Customer_026,1
Customer_017,1
Customer_013,1
Customer_015,1
Customer_014,1
Customer_018,1
Customer_077,1
Customer_065,1
Customer_061,1
Customer_062,1
Customer_063,1
Customer_076,1
Customer_083,1
Customer_069,1
Customer_072,1
Customer_042,1
Customer_041,1
Customer_040,1
Customer_039,1
Customer_038,1
Customer_031,1
Customer_033,1
Customer_034,1
Customer_051,1
Customer_050,1
Customer_045,1
Customer_052,1
Customer_054,1
Customer_053,1
Customer_057,1
Customer_056,1
Customer_088,1
Customer_080,1
Customer_081,1
Customer_108,1
Customer_111,1
Customer_110,1
Customer_114,1
Customer_094,1
Customer_099,1
Customer_096,1
Customer_093,1
Customer_102,1
Customer_103,1
Customer_104,1
Customer_105,1
Customer_106,1
Customer_116,1
Customer_119,1
Customer_113,1
Customer_135,1
Customer_124,1
Customer_125,1
Customer_132,1
Customer_129,1
Customer_136,1
Customer_146,1
Customer_141,1
Customer_140,1
Customer_151,1
Customer_150,1
Customer_148,1
Customer_155,1
