cum_pct_customers,cum_pct_revenue
0.65,4.59
1.29,8.09
1.94,11.45
2.58,14.77
3.23,17.14
3.87,19.37
4.52,21.55
5.16,23.69
5.81,25.68
6.45,27.57
7.1,29.46
7.74,31.28
8.39,33.05
9.03,34.74
9.68,36.39
10.32,38.02
10.97,39.6
11.61,41.15
12.26,42.65
12.9,44.12
13.55,45.56
14.19,46.99
14.84,48.4
15.48,49.67
16.13,50.93
16.77,52.15
17.42,53.31
18.06,54.45
18.71,55.55
19.35,56.62
20.0,57.69
20.65,58.75
21.29,59.8
21.94,60.84
22.58,61.88
23.23,62.9
23.87,63.92
24.52,64.83
25.16,65.73
25.81,66.63
26.45,67.51
27.1,68.39
27.74,69.26
28.39,70.11
29.03,70.96
29.68,71.8
30.32,72.63
30.97,73.45
31.61,74.27
32.26,75.09
32.9,75.87
33.55,76.62
34.19,77.36
34.84,78.08
35.48,78.75
36.13,79.42
36.77,80.06
37.42,80.7
38.06,81.32
38.71,81.94
39.35,82.55
40.0,83.13
40.65,83.7
41.29,84.26
41.94,84.8
42.58,85.32
43.23,85.83
43.87,86.33
44.52,86.83
45.16,87.3
45.81,87.75
46.45,88.2
47.1,88.63
47.74,89.05
48.39,89.46
49.03,89.87
49.68,90.26
50.32,90.64
50.97,91.02
51.61,91.39
52.26,91.76
52.9,92.11
53.55,92.45
54.19,92.77
54.84,93.1
55.48,93.42
56.13,93.75
56.77,94.07
57.42,94.38
58.06,94.68
58.71,94.97
59.35,95.25
60.0,95.52
60.65,95.78
61.29,96.05
61.94,96.31
62.58,96.57
63.23,96.83
63.87,97.07
64.52,97.3
65.16,97.54
65.81,97.76
66.45,97.98
67.1,98.2
67.74,98.41
68.39,98.61
69.03,98.82
69.68,99.03
70.32,99.23
70.97,99.44
71.61,99.65
72.26,99.82
72.9,100.0
73.55,100.0
74.19,100.0
74.84,100.0
75.48,100.0
76.13,100.0
76.77,100.0
77.42,100.0
78.06,100.0
78.71,100.0
79.35,100.0
80.0,100.0
80.65,100.0
81.29,100.0
81.94,100.0
82.58,100.0
83.23,100.0
83.87,100.0
84.52,100.0
85.16,100.0
85.81,100.0
86.45,100.0
87.1,100.0
87.74,100.0
88.39,100.0
89.03,100.0
89.68,100.0
90.32,100.0
90.97,100.0
91.61,100.0
92.26,100.0
92.9,100.0
93.55,100.0
94.19,100.0
94.84,100.0
95.48,100.0
96.13,100.0
96.77,100.0
97.42,100.0
98.06,100.0
98.71,100.0
99.35,100.0
100.0,100.0
